ABIDE ;ARROGANT ;BERSERK 
ABOARD ;ARSENAL ;BIBLICAL 
ABOLISH ;ARTERY ;BIOLOGICAL 
ABORT ;ARTHRITIS ;BIZARRE 
ABSTRACT ;ASCERTAIN ;BLACKMAIL 
ACCRUE ;ASHTRAY ;BLADDER 
ACE ;ASPIRE ;BLATANT 
ACQUAINT ;ASPIRIN ;BLAZE 
ACTIVATE ;ASS ;BLEND 
ADAMANT ;ASSASSINATE ;BLINK 
ADHERE ;ASTHMA ;BLONDE 
ADJOURN ;ATHLETIC ;BLOUSE 
ADMINISTER ;ATLANTIC ;BLUFF 
ADMINISTRATIVE ;ATOM ;BOAR 
ADMINISTRATOR ;ATTAIN ;BOAST 
ADVERSE ;ATTIC ;BOGEY 
AEROBICS ;AUCTION ;BOLLOCK 
AGRICULTURE ;AUDIO ;BOMBARDMENT 
AIL ;AWAIT ;BONFIRE 
AIRWAY ;BABE ;BONNY 
AISLE ;BACTERIUM ;BOOKSHOP 
ALBEIT ;BADGER ;BOOTH 
ALLOT ;BADMINTON ;BOOZE 
ALPHA ;BALCONY ;BOSNIA 
ALPHABET ;BALD ;BOUNDS 
AMALGAMATE ;BALLET ;BOUQUET 
AMBIGUOUS ;BANQUET ;BOUT 
AMMUNITION ;BARGE ;BRANDY 
AMP ;BARLEY ;BRASSIERE 
AMPUTATE ;BARRISTER ;BRAZIL 
ANALOGY ;BARROW ;BREACH 
ANCHOR ;BASS ;BROCCOLI 
ANGLICAN ;BEAD ;BROKER 
APPARATUS ;BEARD ;BROOK 
APPENDIX ;BEAST ;BROOM 
APPREHENSIVE ;BEEP ;BUFFET 
APRON ;BEHOLD ;BUGGY 
ARBITRARY ;BELEAGUER ;BUNK 
ARCHAEOLOGY ;BELLY ;BUNKER 
ARENA ;BERRY ;BUOY 
BUREAUCRAT ;COHERENT ;CORRELATE 
BUTTY ;COLA ;COSMETIC 
CABBAGE ;COLLABORATE ;COSY 
CABIN ;COLONEL ;COT 
CAFE ;COMBAT ;COUPON 
CALF ;COMEDIAN ;CRANE 
CALIBRE ;COMMEMORATE ;CRANK 
CANE ;COMMODITY ;CRATE 
CAPTIVE ;COMMONWEALTH ;CRAYON 
CARDINAL ;COMMUNION ;CRECHE 
CARIBBEAN ;COMMUNISM ;CREDIBLE 
CARTON ;COMPANION ;CROOK 
CEMETERY ;COMPASSION ;CROSSROADS 
CENSOR ;COMPATIBLE ;CROSSWORD 
CENSUS ;COMPEL ;CROW 
CEREMONY ;COMPLY ;CRUCIFY 
CERTIFY ;COMPOST ;CRUMB 
CHAMPAGNE ;COMPRESS ;CRUST 
CHARITABLE ;COMPRISE ;CUB 
CHARTER ;COMRADE ;CULTIVATE 
CHEEKY ;CONCESSION ;CURRY 
CHORD ;CONFINE ;CUSTARD 
CHORE ;CONGESTED ;CUSTODY 
CHRISTEN ;CONGRESS ;CUTE 
CIDER ;CONSENT ;CYPRUS 
CIVIC ;CONSERVATORY ;CZECHOSLOVAKIA 
CIVILIAN ;CONSIGN ;DAFFODIL 
CLAW ;CONSOLIDATE ;DAIRY 
CLOCKWISE ;CONSTITUTE ;DAISY 
CLOSURE ;CONSTITUTION ;DAME 
CLOWN ;CONSTRAIN ;DANGLE 
CLUMSY ;CONTAMINATE ;DAZZLE 
CLUSTER ;CONTEMPORARY ;DEADLINE 
COBBLE ;CONTEND ;DECEIVE 
COCA ;CONTINGENCY ;DECENCY 
COCKTAIL ;CONTRACEPTION ;DECISIVE 
COCOA ;CONTRADICT ;DECKER 
COCONUT ;CONTRARY ;DECREASE 
COD ;CORONATION ;DEER 
COFFIN ;CORPUS ;DEFECT 
DEFICIENCY ;DISORDER ;ENFORCE 
DEFICIT ;DISPENSE ;EPIDEMIC 
DEGENERATE ;DISPERSE ;EPISODE 
DEGRADE ;DISPLACE ;EQUITY 
DEMOCRACY ;DISRESPECT ;ERASE 
DEMORALISE ;DIVERSE ;ERODE 
DENSE ;DIVERSIFY ;ESCALATE 
DERELICT ;DIVINE ;ETHIOPIA 
DERIVE ;DIZZY ;EVALUATE 
DESCEND ;DOMINANT ;EXECUTE 
DESPONDENT ;DONKEY ;EXEMPT 
DESTINATION ;DOUGH ;EXERT 
DETENTION ;DOUGHNUT ;EXPANSION 
DETRIMENT ;DRAGON ;EXPEL 
DEVISE ;DRAPE ;EXPERTISE 
DIABETES ;DRASTIC ;EXPLICIT 
DIABOLICAL ;DRAWBACK ;EXTRAVAGANT 
DIAGNOSE ;DRIBBLE ;EYEBROW 
DIALOGUE ;DROUGHT ;FAKE 
DIAMETER ;DUPLICATE ;FANTASY 
DIDDLE ;DWARF ;FASTEN 
DIFFERENTIAL ;DYNAMIC ;FERN 
DIFFUSE ;DYSLEXIA ;FERRET 
DIGIT ;EARMARK ;FEVER 
DILEMMA ;EARNEST ;FIESTA 
DILUTE ;EARPHONE ;FIREPLACE 
DIMINISH ;EARTHQUAKE ;FIREWORK 
DIPLOMA ;EASTENDER ;FLEE 
DIPLOMAT ;EGO ;FLEET 
DIRE ;ELIGIBLE ;FLEX 
DISCIPLE ;ELIMINATE ;FLICKER 
DISCLOSE ;ELM ;FLIT 
DISCONNECT ;EMBARK ;FLOCK 
DISCOURAGE ;EMBRACE ;FLOG 
DISCREET ;EMBROIDER ;FLOP 
DISCREPANCY ;EMERGE ;FLOPPY 
DISCRETE ;EMIGRATE ;FOAM 
DISILLUSION ;ENDEAVOUR ;FOLLY 
DISLOCATE ;ENDORSE ;FOOTING 
DISMANTLE ;ENDURE ;FOOTPATH 
FOOTSTEP ;GROAN ;HOSTILE 
FORGO ;GRUB ;HOUND 
FORT ;GRUMPY ;HOUSEWORK 
FOUNTAIN ;GUITAR ;HOWL 
FOYER ;GYMNASIUM ;HULL 
FRACTURE ;GYPSY ;HUMBLE 
FRAGMENT ;HAIL ;HUMILIATE 
FRANCHISE ;HALVE ;HURDLE 
FRANTIC ;HAMBURGER ;HUSH 
FRAY ;HAMLET ;HYMN 
FREIGHT ;HAMPER ;HYPOCRITE 
FRICTION ;HANDBOOK ;HYPOTHETICAL 
FRILL ;HARE ;ICING 
FROG ;HARK ;IMMACULATE 
FUDGE ;HARMONY ;IMMUNE 
FUNDAMENTAL ;HARNESS ;IMPATIENT 
FUNGUS ;HARROW ;IMPERIAL 
FURIOUS ;HAUNT ;IMPLANT 
FURTHERMORE ;HAZEL ;INCEST 
GALA ;HEADER ;INCIDENCE 
GALLOP ;HENCE ;INCOMING 
GASP ;HERALD ;INCONVENIENCE 
GATEWAY ;HERNIA ;INDUCE 
GAY ;HICCUP ;INFER 
GENESIS ;HIDEOUS ;INFINITE 
GERM ;HILARIOUS ;INFLAME 
GHASTLY ;HINDER ;INFLICT 
GIT ;HINGE ;INHERENT 
GLAMOUR ;HOBBLE ;INHIBIT 
GLAND ;HOG ;INLAND 
GLOOM ;HOLLY ;INNOVATE 
GLOSS ;HOMOSEXUAL ;INSECT 
GLOSSY ;HOOLIGAN ;INSIGHT 
GOAT ;HOOP ;INSULATE 
GOLLY ;HOOT ;INTEGRAL 
GOO ;HORIZON ;INTEGRITY 
GRASP ;HORIZONTAL ;INTERCEPT 
GRAVEYARD ;HORRIFIC ;INTERIM 
GRAZE ;HOSTAGE ;INTERIOR 
GREASY ;HOSTEL ;INTERMEDIATE 
INTRUDE ;LIMB ;MIGRATE 
INUNDATE ;LIMP ;MILLIONAIRE 
IRIS ;LINEAR ;MINIATURE 
IVORY ;LINEN ;MINIBUS 
JARGON ;LINOLEUM ;MINIMAL 
JAZZ ;LIPSTICK ;MINIMISE 
JELLY ;LOATHE ;MIS 
JEOPARDY ;LOB ;MISSILE 
JERSEY ;LOCALITY ;MIST 
JIGSAW ;LOCH ;MOB 
JOCKEY ;LOCKER ;MOBILISE 
JORDAN ;LOCOMOTIVE ;MODERATE 
JOURNAL ;LOGO ;MODULE 
JOURNALIST ;LOOM ;MOHAMMED 
JUGGLE ;LOUSY ;MOIST 
JUMBLE ;LYRIC ;MOISTURE 
JUNK ;MAFIA ;MOLE 
KARATE ;MAHOGANY ;MONETARY 
KITTEN ;MAJESTY ;MORALE 
KITTY ;MANAGERIAL ;MORBID 
KNACK ;MANIFEST ;MOUSTACHE 
KNACKER ;MANSION ;MOW 
KNEEL ;MARBLE ;MP 
KNICKERS ;MARGARINE ;MULTITUDE 
KNIGHT ;MARMALADE ;MURKY 
KNOB ;MARSH ;MYTH 
KOREA ;MARSHAL ;NAH 
LACE ;MASON ;NAPPY 
LAGER ;MATERIALIZE ;NATIONALITY 
LANCE ;MATTRESS ;NEPHEW 
LARK ;MAXIMISE ;NETTLE 
LAUGHTER ;MEADOW ;NEWSLETTER 
LEDGE ;MEDIEVAL ;NIBBLE 
LEEK ;MEDITERRANEAN ;NICKNAME 
LEMONADE ;MEMO ;NOBLE 
LETHAL ;MERCY ;NOTIFY 
LIAISE ;MESSIAH ;NUDGE 
LIBERATE ;METROPOLITAN ;NUMERIC 
LIKEWISE ;MICROWAVE ;NUN 
LILY ;MIDWIFE ;OBEY 
OBSTACLE ;PAW ;POTTERY 
OBSTRUCT ;PEANUT ;POUNDING 
OLYMPIC ;PEARL ;POX 
OOZE ;PEAT ;PRAM 
OPPRESS ;PEBBLE ;PRECLUDE 
ORBIT ;PECK ;PREDOMINANT 
ORDNANCE ;PEEL ;PRELIMINARY 
ORGANIC ;PEEP ;PRESCRIBE 
ORPHAN ;PELICAN ;PRESENTLY 
ORTHODOX ;PENDING ;PREVIEW 
OUNCE ;PERCH ;PREY 
OUTFIT ;PERSECUTE ;PRICK 
OUTGOING ;PESSIMISTIC ;PRIMITIVE 
OUTING ;PETAL ;PRINTOUT 
OUTSET ;PHEW ;PROBE 
OUTSKIRTS ;PHYSIOTHERAPIST ;PROFESS 
OVERRIDE ;PICKET ;PROFOUND 
OVERWHELM ;PIERCE ;PROJECTOR 
OWL ;PIPELINE ;PROLONG 
PACIFIC ;PIRATE ;PROPAGANDA 
PADDLE ;PISS ;PROSTITUTE 
PADDOCK ;PLAGUE ;PROVOKE 
PAKISTAN ;PLAQUE ;PSYCHIATRY 
PANCAKE ;PLAYGROUND ;PUFF 
PANE ;PLAYGROUP ;PUNCTUATE 
PAPA ;PLEA ;PUP 
PARACETAMOL ;PLEAT ;PUSS 
PARADOX ;PLEDGE ;QUARRY 
PARALLEL ;PLIGHT ;QUEER 
PARALYSE ;PLUCK ;QUIT 
PARANOID ;PLURAL ;QUO 
PARROT ;PM ;QUOTA 
PARSON ;PNEUMONIA ;RADIATE 
PARTICLE ;POLO ;RAILING 
PASSIVE ;POLYTECHNIC ;RAINBOW 
PASTA ;PORTER ;RAKE 
PASTRY ;PORTFOLIO ;RALLY 
PATCHY ;POSTCODE ;RAM 
PATIO ;POSTPONE ;RANGER 
PATROL ;POTENT ;RANSOM 
RAP ;ROMANCE ;SHRED 
RATIO ;ROMANTIC ;SHRUB 
RATION ;ROSEMARY ;SHUSH 
RAZOR ;RUBY ;SHUTTLE 
REBATE ;RUDDY ;SIDEWAYS 
RECESS ;RUNWAY ;SIGNPOST 
RECHARGE ;SADDLE ;SILICON 
RECONCILE ;SAGA ;SIMULATE 
RECREATION ;SALAD ;SIREN 
RECTANGLE ;SANCTION ;SKINNY 
RECTIFY ;SARCASTIC ;SKULL 
REDEEM ;SATAN ;SLAB 
REED ;SATURATE ;SLAG 
REFUGE ;SAUCEPAN ;SLANT 
REGAIN ;SAUDI ;SLATE 
REGIME ;SAVAGE ;SLIPPER 
REGIMENT ;SAVIOUR ;SLUM 
REINFORCE ;SCARCE ;SNACK 
RELAY ;SCARF ;SNAKE 
RELUCTANCE ;SCARLET ;SNATCH 
REMINISCE ;SCHOLARSHIP ;SNEEZE 
REMNANT ;SCHOOLBOY ;SNIP 
RENDER ;SCRUFF ;SNOOKER 
RENOVATE ;SCULPT ;SOBER 
RESEMBLE ;SEAM ;SOCIALISE 
RESIDUE ;SECONDED ;SOCIOLOGY 
RETREAT ;SEGREGATE ;SODIUM 
RETRIEVE ;SEIZE ;SOFA 
RETROSPECT ;SENILE ;SOLIDARITY 
REVENGE ;SENSATION ;SOLO 
REWIND ;SETTEE ;SOOT 
RIFLE ;SEWAGE ;SOUR 
RINSE ;SEWER ;SOVEREIGN 
RIOT ;SHAMPOO ;SOVIET 
RITUAL ;SHEAR ;SPAGHETTI 
RIVAL ;SHELVE ;SPAN 
RIVET ;SHERRY ;SPANNER 
ROADWAY ;SHIVER ;SPARKLE 
ROADWORKS ;SHOTGUN ;SPEAR 
ROCKED ;SHOWROOM ;SPHERE 
SPICE ;SWAMP ;TRANSIT 
SPINE ;SWERVE ;TRANSITION 
SPIRAL ;SWINE ;TRANSPLANT 
SPONGE ;SYLLABUS ;TRENCH 
SPOUT ;SYMPATHISE ;TRIFLE 
SPRINKLE ;SYNOD ;TRIUMPH 
SPUR ;TABOO ;TROPICS 
SPY ;TACKY ;TRUMPET 
SQUAT ;TACTIC ;TRUSTEE 
SQUIRE ;TAILOR ;TUB 
STABLES ;TAN ;TUITION 
STAG ;TANKER ;TURF 
STANDBY ;TAT ;TYPEWRITE 
STEREO ;TEASPOON ;ULCER 
STEREOTYPE ;TEATIME ;UNANIMOUS 
STERLING ;TEE ;UNDERGO 
STIMULATE ;TENDERED ;UNDERWEAR 
STOOL ;TENNER ;UNIFY 
STOVE ;TERMINOLOGY ;UNWIND 
STOW ;TESTAMENT ;UPGRADE 
STRAIGHTAWAY ;TEXTURE ;UPRIGHT 
STRAWBERRY ;THEREAFTER ;UPROAR 
STREAK ;THERMAL ;UTTERLY 
STREAMLINE ;THIGH ;VACANCY 
STROLL ;THIRST ;VACANT 
STUMP ;THRONE ;VALIUM 
STUN ;TIER ;VALVE 
SUBCONSCIOUS ;TIGER ;VASE 
SUBMISSION ;TIMID ;VEGETARIAN 
SUBSIDIARY ;TINKER ;VEIN 
SUBTRACT ;TIT ;VELVET 
SUBURB ;TODDLER ;VENT 
SUCCESSIVE ;TOFFEE ;VENUE 
SUCCUMB ;TOLERANCE ;VERB 
SUFFICE ;TOLERANT ;VERDICT 
SULPHUR ;TOT ;VESSEL 
SUPERINTENDENT ;TRADESMAN ;VICAR 
SURGE ;TRANQUIL ;VICINITY 
SUSCEPTIBLE ;TRANSCRIBE ;VICTOR 
SUSPICION ;TRANSCRIPT ;VIETNAM 
VILLA ;;
VINEGAR ;;
VIOLET ;;
VIRTUE ;;
VIVID ;;
VOCAL ;;
VOCATION ;;
VOID ;;
VOLT ;;
VOMIT ;;
VULNERABLE ;;
WAD ;;
WADE ;;
WAG ;;
WAIST ;;
WALKMAN ;;
WALTZ ;;
WEEP ;;
WELLINGTON ;;
WHATSIT ;;
WHEAT ;;
WHEELBARROW ;;
WHEY ;;
WHIRL ;;
WHISPER ;;
WICKET ;;
WIDESPREAD ;;
WIGGLE ;;
WILDLIFE ;;
WINDMILL ;;
WINDOWSILL ;;
WINDSCREEN ;;
WORLDWIDE ;;
WORM ;;
WRANGLE ;;
WRETCH ;;
YAWN ;;
YELL ;;
ZOO ;;
ZOOM ;;
